MSE,RMSE,MAE,MAPE,Model,Region
21645.799444412372,147.12511493423673,93.72197818550457,0.6971938842268512,Attention_LSTM,Tsushima
